﻿Designator,Footprint,Quantity,Value,LCSC Part #
BT1,JST_EH_B2B-EH-A_1x02_P2.50mm_Vertical,1,Battery,
"C1, C19, C2, C20, C21, C22, C23, C24, C25, C26, C27, C28, C3",0603,13,1uF,
C4,0603,1,10uF,
"C5, C6, C7, C8",0603,4,0.1uF,
D1,0603,1,LED,
"D13, D14, D15, D16, D17, D18, D19, D20, D21, D22",LED_WS2812B_PLCC4_5.0x5.0mm_P3.2mm,10,WS2812B,
D2,D_SOD-123F,1,MBR120,
J1,USB_C_Receptacle_Palconn_UTC16-G,1,USB_C_Receptacle_USB2.0_14P,
J2,PinSocket_1x02_P2.54mm_Vertical,1,Conn_01x02_Socket,
J3,PinSocket_1x04_P2.54mm_Vertical,1,Conn_01x04_Socket,
J4,PinHeader_2x05_P2.54mm_Vertical,1,JTAGICE3,
J5,PinHeader_1x04_P2.54mm_Horizontal,1,Conn_01x04_Pin,
Q1,SOT-416,1,NMOS,
"R1, R11, R2",0603,3,5.1k,
"R10, R9",0603,2,100k,
R12,0603,1,300,
"R3, R4, R5",0603,3,10k,
R6,0603,1,200,
R7,0603,1,2K,
"SW1, SW2, SW3",SW_Push_1P1T_NO_CK_KSC6xxJ,3,SW_SPST,
TP1,TestPoint_Pad_D1.5mm,1,TP_3v3,
TP2,TestPoint_Pad_D1.5mm,1,TP_VBAT,
TP3,TestPoint_Pad_D1.5mm,1,TP_GND,
TP4,TestPoint_Pad_D1.5mm,1,TP_RESET,
TP5,TestPoint_Pad_D1.5mm,1,TP_D+,
TP6,TestPoint_Pad_D1.5mm,1,TP_D-,
TP7,TestPoint_Pad_D1.5mm,1,TP_SCL,
TP8,TestPoint_Pad_D1.5mm,1,TP_SDA,
U1,QFN-32-1EP_5x5mm_P0.5mm_EP3.6x3.6mm,1,ATSAMD21E17D-M,
U2,XDFN6_711AT_ONS-L,1,~,
U3,XDCR_SPU0410LR5H-QB,1,~,
U4,XDCR_ICM-42670-P,1,~,
U5,SOT-23-5,1,MCP73831-2-OT,
